"name","type"
"ninja","person"
"shroud","person"
"tsm_myth","person"
"summit1g","channel"
"tfue","person"
"riotgames","channel"
"timthetatman","person"
"drdisrespectlive","person"
"Dakotaz","person"
"tsm_daequan","person"
"syndicate","person"
"drlupo","person"
"esl_csgo","channel"
"imaqtpie","person"
"pokimane","person"
"nightblue3","person"
"lirik","person"
"sodapoppin","person"
"loltyler1","person"
"nickmercs","person"
"cdnthe3rd","person"
"sypherpk","person"
"castro_1021","person"
"joshog","person"
"faceittv","channel"
"faker","person"
"dyrus","person"
"eleaguetv","channel"
"fortnite","channel"
"tsm_bjergsen","person"
"gosu","person"
"dreamhackcs","channel"
"boxbox","person"
"goldglove","person"
"tsm_hamlinz","person"
"lolitofdez","person"
"gamesdonequick","person"
"c9sneaky","person"
"alanzoka","person"
"captainsparklez","person"
"gotaga","person"
"montanablack88","person"
"yoda","person"
"trick2g","person"
"nl_kripp","person"
"overwatchleague","channel"
"doublelift","person"
"kingrichard","person"
"highdistortion","person"
"swiftor","person"
"izakooo","person"
"jericho","person"
"cizzorz","person"
"Voyboy","person"
"cohhcarnage","person"
"%63ohhcarnage","person"
"sivhd","person"
"nadeshot","person"
"sovietwomble","person"
"kittyplays","person"
"jahrein","person"
"forsen","person"
"anomaly","person"
"bobross","channel"
"ungespielt","person"
"couragejd","person"
"Gronkh","person"
"amazhs","person"
"grimmmz","person"
"kinggothalion","person"
"elded","person"
"wtcn","person"
"tsm_theoddone","person"
"a_seagull","person"
"markiplier","person"
"unlostv","person"
"starladder5","channel"
"zeeoon","person"
"loganpaulwastaken","person"
"trumpsc","person"
"nick28t","person"
"Disguisedtoasths","person"
"GiantWaffle","person"
"rocketleague","channel"
"twitch","channel"
"Stpeach","person"
"reckful","person"
"arigameplays","person"
"rainbow6","channel"
"pgl","channel"
"xqcow","person"
"omgitsfirefoxx","person"
"monstercat","channel"
"cryaotic","person"
"fernanfloo","person"
"rewinside","person"
"gassymexican","person"
"dansgaming","person"
"froggen","person"
"aphromoo","person"
"yogscast","person"
"cloakzy","person"
"amouranth","person"
"beyondthesummit","channel"
"alinity","person"
"kaypealol","person"
"yassuo","person"
"scarra","person"
"jukes","person"
"m0e_tv","person"
"loserfruit","person"
"playhearthstone","channel"
"ProfessorBroman","person"
"callofduty","channel"
"warframe","channel"
"hastad","person"
"squeezielive","person"
"twitchpresents","channel"
"gafallen","person"
"towelliee","person"
"wildcat","person"
"legendarylea","person"
"moonmoon_ow","person"
"Trymacs","person"
"scream","person"
"aimbotcalvin","person"
"Aiekillu","person"
"nalcs","channel"
"pink_sparkles","person"
"cheatbanned","person"
"skipnho","person"
"cowsep","person"
"nickbunyun","person"
"s1mple","person"
"playbattlegrounds","channel"
"MiniLaddd","person"
"dendi","person"
"tobiasfate","person"
"kyr_sp33dy","person"
"cashnastygaming","person"
"coscu","person"
"itshafu","person"
"hrkchannel","person"
"h3h3productions","channel"
"admiralbahroo","person"
"lestream","person"
"streamerhouse","person"
"olofmeister","person"
"riotgamesbrazil","channel"
"brtt","person"
"opsct","person"
"thijshs","person"
"maximilian_dood","person"
"sharishaxd","person"
"lilypichu","person"
"riotgamesturkish","channel"
"PintiPanda","person"
"dreadztv","person"
"arthas","person"
"bungie","person"
"asmongold","person"
"tarik","person"
"gripex90","person"
"iwilldominate","person"
"mithrain","person"
"elotrix","person"
"jovirone","person"
"realkraftyy","person"
"prettyboyfredo","person"
"geekandsundry","person"
"greekgodx","person"
"originpc","channel"
"yetz","person"
"admiralbulldog","person"
"shiphtur","person"
"dizzykitten","person"
"sp4zie","person"
"mym_alkapone","person"
"reynad27","person"
"totalbiscuit","person"
"bigfoltz","person"
"valkyrae","person"
"kolento","person"
"kendinemuzisyen","person"
"bacon_donut","person"
"jasonr","person"
"kamikat","person"
"HiRezTV","person"
"SirhcEz","person"
"savjz","person"
"dota2ti","channel"
"sacriel","person"
"solaryfortnite","person"
"pimpimentalol","person"
"hiko","person"
"zerator","person"
"hazretiyasuo","person"
"manvsgame","person"
"sheviiioficial","person"
"stewie2k","person"
"gratis150ml","person"
"bunnyfufuu","person"
"jghosty","person"
"felps","person"
"esl_lol","channel"
"rakin","person"
"luzu","person"
"meteos","person"
"Macie_Jay","person"
"singsing","person"
"swifty","person"
"levo","person"
"jacksepticeye","person"
"davyjonesbr","person"
"starladder1","channel"
"gtimetv","person"
"mrtweeday","person"
"brownman","person"
"playoverwatch","channel"
"picoca","person"
"kaceytron","person"
"Angryjoeshow","person"
"lck1","channel"
"boogie2988","person"
"ceh9","person"
"starladder_cs_en","channel"
"TSM_Viss","person"
"dota2ruhub","channel"
"warcraft","channel"
"n0thing","person"
"asiagodtonegg3be0","person"
"wingsofdeath","person"
"Scump","person"
"P4wnyhof","person"
"deadmau5","person"
"2mgovercsquared","person"
"noahj456","person"
"chocotaco","person"
"cincinbear","person"
"handiofiblood","person"
"a1taoda","person"
"sevadus","person"
"day9tv","person"
"anniebot","person"
"easportsfifa","channel"
"lebledart","person"
"patopapao","person"
"immarksman","person"
"tru3ta1ent","person"
"eulcs","channel"
"Kephrii","person"
"domingo","person"
"summonersinnlive","channel"
"theokoles","person"
"annemunition","person"
"wismichu","person"
"cellbit","person"
"officialgetright","person"
"Bajheera","person"
"honeymad","person"
"steel_tv","person"
"bmkibler","person"
"fl0m","person"
"nervarien","person"
"miakhalifa","person"
"anthony_kongphan","person"
"dinglederper","person"
"silvername","person"
"ltzonda","person"
"troydangaming","person"
"gordox","person"
"thecreatures","person"
"dota2ti_ru","channel"
"xchocobars","person"
"bratishkinoff","person"
"twitchplayspokemon","channel"
"ricegum","person"
"togi","person"
"b0aty","person"
"calango","person"
"dinterlolz","person"
"mcjuggernuggets","person"
"bethesda","channel"
"jesusavgn","person"
"shortyyguy","person"
"lilchiipmunk","person"
"mobilmobil","person"
"fairlight_excalibur","person"
"loeya","person"
"stray228","person"
"ellohime","person"
"rakanoolive","person"
"mickalow","person"
"matthdgamer","person"
"laceduplauren","person"
"datto","person"
"Terroriser","person"
"alexelcapo","person"
"frankkaster","person"
"fattypillow","person"
"nintendo","channel"
"mitchjones","person"
"imjahova","person"
"fang_i3anger","person"
"garenatw","channel"
"xminks","person"
"ohmwrecker","person"
"vgbootcamp","channel"
"mister903","person"
"bayriffer","person"
"miss_rage","person"
"pietsmiet","person"
"andymilonakis","person"
"witwix","person"
"ogaminglol","channel"
"cyanideplaysgames","person"
"pengu","person"
"esea","channel"
"ubisoft","channel"
"avagg","person"
"wankilstudio","person"
"Lachlan","person"
"quin69","person"
"therace","person"
"lol_peanut","person"
"bida","person"
"mastersnakou","person"
"enragedcinema","person"
"wraxu","person"
"ybicanoooobov","person"
"blizzheroes","channel"
"theonemanny","person"
"rammus53","person"
"gtfobae","person"
"Freakazoid","person"
"itmejp","person"
"cobaltstreak","person"
"chad","person"
"pokelawls","person"
"pobelter","person"
"muselk","person"
"followgrubby","person"
"lvpes","channel"
"akimgames","person"
"paladinsgame","person"
"kinggeorgetv","person"
"kneecoleslaw","person"
"welovegames","person"
"gamemixtreize","person"
"diction","person"
"duendepablo","person"
"Djarii","person"
"ms_vixen","person"
"gaules","person"
"sidearms4reason","person"
"quickybaby","person"
"hanryang1125","person"
"karma","person"
"saddummy","person"
"trihex","person"
"thedeluxe4","person"
"lebouseuh","person"
"matimi0","person"
"bang","person"
"snailkicktm","person"
"bibaboy","person"
"hutch","person"
"sparcmac","person"
"AGONY","person"
"destiny","channel"
"thaldrinlol","person"
"capcomfighters","channel"
"northernlion","person"
"dafran","person"
"ster","person"
"brucegrannec","person"
"phreakstream","person"
"lobosjr","person"
"stormen","person"
"spacelyon","person"
"yelo","person"
"sips_","person"
"dexbonus","person"
"skyyart","person"
"llstylez","person"
"riotgames2","channel"
"ducksauce","person"
"adrive","person"
"hexy","person"
"cartmanzbs","person"
"shadbasemurdertv","person"
"dotamajor","channel"
"destructoid","person"
"taketv","channel"
"dotastarladder_en","channel"
"leveluplive","person"
"ignproleague","channel"
"joindotared","channel"
"teamsp00ky","person"
"igromania","channel"
"godjj","person"
"vaporadark","person"
"esl_sc2","channel"
"magic","channel"
"dreamleague","channel"
"roblox","channel"
"jakthaonewithlife","person"
"dotamajorru","channel"
"aces_tv","person"
"jaidefinichon","person"
"jvtv","person"
"ipllol","channel"
"scgtour","channel"
"honcast","person"
"blusewilly_retry","person"
"xargon0731","person"
"tsmtournaments","channel"
"gamespot","channel"
"gsl","channel"
"fourplayerpodcast","person"
"sslseries","channel"
"d2l","channel"
"maxarenatv2","channel"
"lethalfrag","person"
"epicenter_en1","channel"
"wcs_america","channel"
"solary","person"
"hearthstonefr","channel"
"evo","channel"
"lck_korea","channel"
"wayne379","person"
"saintvicious","person"
"wcs_europe","channel"
"angrytestie","person"
"ogn_lol","channel"
"onemoregametv","channel"
"ogamingsc2","channel"
"wagamamatv","channel"
"roomonfire","person"
"underground_dv","person"
"multiplayerit","person"
"curse","channel"
"machinima","person"
"beyondthesummit2","channel"
"seriousgaming","person"
"armatvhs","person"
"starcraft","channel"
"esl_dota2","channel"
"dreamhacksc2","channel"
"thegdstudio","channel"
"rockalone","person"
"Slowpoke101","person"
"chokoba","person"
"mistakelolz","person"
"fragbite","channel"
"gnumme","person"
"athenelive","person"
"pax","channel"
"esl_csgo_pl","channel"
"playoverwatch_kr","channel"
"xbox","channel"
"spamfish","person"
"c_a_k_e","person"
"dreamhacktv","channel"
"sixwong","person"
"uzra","person"
"cdewx","person"
"csruhub","channel"
"thegreatgq","person"
"gohamedia","person"
"supermcgamer","person"
"therainman","person"
"dragon","person"
"moonmeander","person"
"basetradetv","channel"
"ogamingtv","channel"
"daopa","person"
"rxnexus","person"
"riotlan","channel"
"beyondthesummit_pt","channel"
"esl_brazil","channel"
"pgl_dota2","channel"
"alexich","person"
"elajjaz","person"
"a541021","person"
"applejacked","person"
"protech","person"
"liquidtlo","person"
"bonjwa","person"
"rootcatz","person"
"lagtvmaximusblack","person"
"draskyl","person"
"connectesport","person"
"overwatchleague_kr","channel"
"mineskitv","channel"
"sjow","person"
"kyo1984123","person"
"yapyap30","person"
"resttpowered","person"
"thespeedgamers","person"
"sheevergaming","person"
"melharucos","person"
"vinesauce","person"
"epicenter_ru","channel"
"riotgamesru","channel"
"dota2ruhub2","channel"
"wtf_winds123","person"
"99damage","person"
"nba2kleague","channel"
"sardoche","person"
"purgegamers","person"
"wickd","person"
"esl_spain","channel"
"maruhashi084","person"
"followkudes","person"
"xpecial","person"
"esl_overwatch","channel"
"sloot","person"
"everyeyeit","person"
"sco","person"
"starladder4","channel"
"robertxlee","person"
"butterflyouo","person"
"merlinidota","person"
"fragnance","person"
"alienware","person"
"westdoor","person"
"game_revolution","channel"
"lightofheaven","person"
"copaamerica_pt1","channel"
"kubon_","person"
"datmodz","person"
"runitup","channel"
"uccleague","channel"
"halo","channel"
"dotademon","person"
"zondalol","person"
"kindafunnygames","person"
"pokemon","channel"
"whitera","person"
"eternalenvyy","person"
"wonziu","person"
"moonducktv","channel"
"imdb","channel"
"siglemic","person"
"esl_hearthstone","channel"
